-- MySQL Script generated by MySQL Workbench
-- Sun Aug  2 09:25:09 2020
-- Model: New Model    Version: 1.0
-- MySQL Workbench Forward Engineering

SET @OLD_UNIQUE_CHECKS=@@UNIQUE_CHECKS, UNIQUE_CHECKS=0;
SET @OLD_FOREIGN_KEY_CHECKS=@@FOREIGN_KEY_CHECKS, FOREIGN_KEY_CHECKS=0;
SET @OLD_SQL_MODE=@@SQL_MODE, SQL_MODE='ONLY_FULL_GROUP_BY,STRICT_TRANS_TABLES,NO_ZERO_IN_DATE,NO_ZERO_DATE,ERROR_FOR_DIVISION_BY_ZERO,NO_ENGINE_SUBSTITUTION';

-- -----------------------------------------------------
-- Schema flights
-- -----------------------------------------------------
DROP SCHEMA IF EXISTS `flights` ;

-- -----------------------------------------------------
-- Schema flights
-- -----------------------------------------------------
CREATE SCHEMA IF NOT EXISTS `flights` DEFAULT CHARACTER SET utf8 ;
USE `flights` ;

-- -----------------------------------------------------
-- Table `flights`.`reservation`
-- -----------------------------------------------------
DROP TABLE IF EXISTS `flights`.`reservation` ;

CREATE TABLE IF NOT EXISTS `flights`.`reservation` (
  `reservationid` INT(11) NOT NULL AUTO_INCREMENT,
  `customerid` INT(11) NOT NULL,
  `departureflightid` INT(11) NOT NULL,
  `seatclass` VARCHAR(45) NOT NULL,
  `numpassengers` TINYINT(4) NOT NULL,
  `priorityboarding` VARCHAR(45) NOT NULL,
  `totalprice` FLOAT NOT NULL,
  `reservationorigin` VARCHAR(45) NOT NULL,
  `bookingstatus` varchar(45) NOT NULL,
  PRIMARY KEY (`reservationid`))
ENGINE = InnoDB;


-- -----------------------------------------------------
-- Table `flights`.`flight`
-- -----------------------------------------------------
DROP TABLE IF EXISTS `flights`.`flight` ;

CREATE TABLE IF NOT EXISTS `flights`.`flight` (
  `flightid` INT(11) NOT NULL AUTO_INCREMENT,
  `departureairport` VARCHAR(45) NOT NULL,
  `departuredate` DATETIME NOT NULL,
  `departuretimezone` VARCHAR(45) NOT NULL,
  `arrivalairport` VARCHAR(45) NOT NULL,
  `arrivaldate` DATETIME NOT NULL,
  `arrivaltimezone` VARCHAR(45) NOT NULL,
  `firstclass` TINYINT(4) NOT NULL,
  `businessclass` TINYINT(4) NOT NULL,
  `economyclass` TINYINT(4) NOT NULL,
  `status` varchar(45) NOT NULL,
  PRIMARY KEY (`flightid`))
ENGINE = InnoDB;


-- -----------------------------------------------------
-- Table `flights`.`seat classes`
-- -----------------------------------------------------
DROP TABLE IF EXISTS `flights`.`seat classes` ;

CREATE TABLE IF NOT EXISTS `flights`.`seat classes` (
  `classid` INT(11) NOT NULL AUTO_INCREMENT,
  `classname` VARCHAR(45) NOT NULL,
  `classprice` FLOAT NOT NULL,
  PRIMARY KEY (`classid`))
ENGINE = InnoDB;


-- -----------------------------------------------------
-- Table `flights`.`customer`
-- -----------------------------------------------------
DROP TABLE IF EXISTS `flights`.`customer` ;

CREATE TABLE IF NOT EXISTS `flights`.`customer` (
  `customerid` INT(11) NOT NULL AUTO_INCREMENT,
  `lastname` VARCHAR(45) NULL,
  `firstname` VARCHAR(45) NULL,
  `email` VARCHAR(45) NULL,
  `password` VARCHAR(45) NULL,
  PRIMARY KEY (`customerid`))
ENGINE = InnoDB;


SET SQL_MODE=@OLD_SQL_MODE;
SET FOREIGN_KEY_CHECKS=@OLD_FOREIGN_KEY_CHECKS;
SET UNIQUE_CHECKS=@OLD_UNIQUE_CHECKS;

-- -----------------------------------------------------
-- Test Data
-- -----------------------------------------------------

#Flight Test Data

INSERT INTO `flights`.`flight` (`flightid`, `departureairport`, `departuredate`, `departuretimezone`, `arrivalairport`, `arrivaldate`, `arrivaltimezone`, `firstclass`, `businessclass`, `economyclass`, `status`) VALUES ('1', 'Honolulu', '2020-09-01 08:00:00', 'HST', 'Monterey', '2020-09-01 16:00:00', 'PST', '20', '30', '40', 'on time');
INSERT INTO `flights`.`flight` (`flightid`, `departureairport`, `departuredate`, `departuretimezone`, `arrivalairport`, `arrivaldate`, `arrivaltimezone`, `firstclass`, `businessclass`, `economyclass`, `status`) VALUES ('2', 'Honolulu', '2020-09-01 10:00:00', 'HST', 'San Diego', '2020-09-01 18:00:00', 'PST', '10', '20', '30', 'on time');
INSERT INTO `flights`.`flight` (`flightid`, `departureairport`, `departuredate`, `departuretimezone`, `arrivalairport`, `arrivaldate`, `arrivaltimezone`, `firstclass`, `businessclass`, `economyclass`, `status`) VALUES ('3', 'Honolulu', '2020-09-01 12:00:00', 'HST', 'Monterey', '2020-09-01 20:00:00', 'PST', '5', '10', '20', 'on time');
INSERT INTO `flights`.`flight` (`flightid`, `departureairport`, `departuredate`, `departuretimezone`, `arrivalairport`, `arrivaldate`, `arrivaltimezone`, `firstclass`, `businessclass`, `economyclass`, `status`) VALUES ('4', 'Honolulu', '2020-09-01 14:00:00', 'HST', 'San Diego', '2020-09-01 22:00:00', 'PST', '0', '5', '15', 'on time');
INSERT INTO `flights`.`flight` (`flightid`, `departureairport`, `departuredate`, `departuretimezone`, `arrivalairport`, `arrivaldate`, `arrivaltimezone`, `firstclass`, `businessclass`, `economyclass`, `status`) VALUES ('5', 'San Diego', '2020-09-01 08:00:00', 'PST', 'Honolulu', '2020-09-01 11:00:00', 'HST', '20', '30', '40', 'on time');
INSERT INTO `flights`.`flight` (`flightid`, `departureairport`, `departuredate`, `departuretimezone`, `arrivalairport`, `arrivaldate`, `arrivaltimezone`, `firstclass`, `businessclass`, `economyclass`, `status`) VALUES ('6', 'San Diego', '2020-09-01 10:00:00', 'PST', 'Monterey', '2020-09-01 11:30:00', 'PST', '10', '20', '30', 'on time');
INSERT INTO `flights`.`flight` (`flightid`, `departureairport`, `departuredate`, `departuretimezone`, `arrivalairport`, `arrivaldate`, `arrivaltimezone`, `firstclass`, `businessclass`, `economyclass`, `status`) VALUES ('7', 'San Diego', '2020-09-01 12:00:00', 'PST', 'Honolulu', '2020-09-01 15:00:00', 'HST', '5', '10', '20', 'on time');
INSERT INTO `flights`.`flight` (`flightid`, `departureairport`, `departuredate`, `departuretimezone`, `arrivalairport`, `arrivaldate`, `arrivaltimezone`, `firstclass`, `businessclass`, `economyclass`, `status`) VALUES ('8', 'San Diego', '2020-09-01 14:00:00', 'PST', 'Monterey', '2020-09-01 15:30:00', 'PST', '5', '0', '15', 'on time');
INSERT INTO `flights`.`flight` (`flightid`, `departureairport`, `departuredate`, `departuretimezone`, `arrivalairport`, `arrivaldate`, `arrivaltimezone`, `firstclass`, `businessclass`, `economyclass`, `status`) VALUES ('9', 'Monterey', '2020-09-01 08:00:00', 'PST', 'San Diego', '2020-09-01 09:30:00', 'PST', '20', '30', '40', 'delayed');
INSERT INTO `flights`.`flight` (`flightid`, `departureairport`, `departuredate`, `departuretimezone`, `arrivalairport`, `arrivaldate`, `arrivaltimezone`, `firstclass`, `businessclass`, `economyclass`, `status`) VALUES ('10', 'Monterey', '2020-09-01 10:00:00', 'PST', 'Honolulu', '2020-09-01 13:00:00', 'HST', '10', '20', '30', 'delayed');
INSERT INTO `flights`.`flight` (`flightid`, `departureairport`, `departuredate`, `departuretimezone`, `arrivalairport`, `arrivaldate`, `arrivaltimezone`, `firstclass`, `businessclass`, `economyclass`, `status`) VALUES ('11', 'Monterey', '2020-09-01 12:00:00', 'PST', 'San Diego', '2020-09-01 13:00:00', 'PST', '5', '10', '15', 'on time');
INSERT INTO `flights`.`flight` (`flightid`, `departureairport`, `departuredate`, `departuretimezone`, `arrivalairport`, `arrivaldate`, `arrivaltimezone`, `firstclass`, `businessclass`, `economyclass`, `status`) VALUES ('12', 'Monterey', '2020-09-01 14:00:00', 'PST', 'Honolulu', '2020-09-01 17:00:00', 'HST', '5', '10', '0', 'on time');
INSERT INTO `flights`.`flight` (`flightid`, `departureairport`, `departuredate`, `departuretimezone`, `arrivalairport`, `arrivaldate`, `arrivaltimezone`, `firstclass`, `businessclass`, `economyclass`, `status`) VALUES ('13', 'Honolulu', '2020-09-02 08:00:00', 'HST', 'Monterey', '2020-09-02 16:00:00', 'PST', '20', '30', '40', 'on time');
INSERT INTO `flights`.`flight` (`flightid`, `departureairport`, `departuredate`, `departuretimezone`, `arrivalairport`, `arrivaldate`, `arrivaltimezone`, `firstclass`, `businessclass`, `economyclass`, `status`) VALUES ('14', 'Honolulu', '2020-09-02 10:00:00', 'HST', 'San Diego', '2020-09-02 18:00:00', 'PST', '10', '20', '30', 'on time');
INSERT INTO `flights`.`flight` (`flightid`, `departureairport`, `departuredate`, `departuretimezone`, `arrivalairport`, `arrivaldate`, `arrivaltimezone`, `firstclass`, `businessclass`, `economyclass`, `status`) VALUES ('15', 'Honolulu', '2020-09-02 12:00:00', 'HST', 'Monterey', '2020-09-02 20:00:00', 'PST', '5', '10', '20', 'on time');
INSERT INTO `flights`.`flight` (`flightid`, `departureairport`, `departuredate`, `departuretimezone`, `arrivalairport`, `arrivaldate`, `arrivaltimezone`, `firstclass`, `businessclass`, `economyclass`, `status`) VALUES ('16', 'Honolulu', '2020-09-02 14:00:00', 'HST', 'San Diego', '2020-09-02 22:00:00', 'PST', '0', '5', '15', 'on time');
INSERT INTO `flights`.`flight` (`flightid`, `departureairport`, `departuredate`, `departuretimezone`, `arrivalairport`, `arrivaldate`, `arrivaltimezone`, `firstclass`, `businessclass`, `economyclass`, `status`) VALUES ('17', 'San Diego', '2020-09-02 08:00:00', 'PST', 'Honolulu', '2020-09-02 11:00:00', 'HST', '20', '30', '40', 'on time');
INSERT INTO `flights`.`flight` (`flightid`, `departureairport`, `departuredate`, `departuretimezone`, `arrivalairport`, `arrivaldate`, `arrivaltimezone`, `firstclass`, `businessclass`, `economyclass`, `status`) VALUES ('18', 'San Diego', '2020-09-02 10:00:00', 'PST', 'Monterey', '2020-09-02 11:30:00', 'PST', '10', '20', '30', 'on time');
INSERT INTO `flights`.`flight` (`flightid`, `departureairport`, `departuredate`, `departuretimezone`, `arrivalairport`, `arrivaldate`, `arrivaltimezone`, `firstclass`, `businessclass`, `economyclass`, `status`) VALUES ('19', 'San Diego', '2020-09-02 12:00:00', 'PST', 'Honolulu', '2020-09-02 15:00:00', 'HST', '5', '10', '20', 'on time');
INSERT INTO `flights`.`flight` (`flightid`, `departureairport`, `departuredate`, `departuretimezone`, `arrivalairport`, `arrivaldate`, `arrivaltimezone`, `firstclass`, `businessclass`, `economyclass`, `status`) VALUES ('20', 'San Diego', '2020-09-02 14:00:00', 'PST', 'Monterey', '2020-09-02 15:30:00', 'PST', '5', '0', '15', 'on time');
INSERT INTO `flights`.`flight` (`flightid`, `departureairport`, `departuredate`, `departuretimezone`, `arrivalairport`, `arrivaldate`, `arrivaltimezone`, `firstclass`, `businessclass`, `economyclass`, `status`) VALUES ('21', 'Monterey', '2020-09-02 08:00:00', 'PST', 'San Diego', '2020-09-02 09:30:00', 'PST', '20', '30', '40', 'delayed');
INSERT INTO `flights`.`flight` (`flightid`, `departureairport`, `departuredate`, `departuretimezone`, `arrivalairport`, `arrivaldate`, `arrivaltimezone`, `firstclass`, `businessclass`, `economyclass`, `status`) VALUES ('22', 'Monterey', '2020-09-02 10:00:00', 'PST', 'Honolulu', '2020-09-02 13:00:00', 'HST', '10', '20', '30', 'delayed');
INSERT INTO `flights`.`flight` (`flightid`, `departureairport`, `departuredate`, `departuretimezone`, `arrivalairport`, `arrivaldate`, `arrivaltimezone`, `firstclass`, `businessclass`, `economyclass`, `status`) VALUES ('23', 'Monterey', '2020-09-02 12:00:00', 'PST', 'San Diego', '2020-09-02 13:00:00', 'PST', '5', '10', '15', 'on time');
INSERT INTO `flights`.`flight` (`flightid`, `departureairport`, `departuredate`, `departuretimezone`, `arrivalairport`, `arrivaldate`, `arrivaltimezone`, `firstclass`, `businessclass`, `economyclass`, `status`) VALUES ('24', 'Monterey', '2020-09-02 14:00:00', 'PST', 'Honolulu', '2020-09-02 17:00:00', 'HST', '5', '10', '0', 'on time');
INSERT INTO `flights`.`flight` (`flightid`, `departureairport`, `departuredate`, `departuretimezone`, `arrivalairport`, `arrivaldate`, `arrivaltimezone`, `firstclass`, `businessclass`, `economyclass`, `status`) VALUES ('25', 'Honolulu', '2020-09-03 08:00:00', 'HST', 'Monterey', '2020-09-03 16:00:00', 'PST', '20', '30', '40', 'on time');
INSERT INTO `flights`.`flight` (`flightid`, `departureairport`, `departuredate`, `departuretimezone`, `arrivalairport`, `arrivaldate`, `arrivaltimezone`, `firstclass`, `businessclass`, `economyclass`, `status`) VALUES ('26', 'Honolulu', '2020-09-03 10:00:00', 'HST', 'San Diego', '2020-09-03 18:00:00', 'PST', '10', '20', '30', 'on time');
INSERT INTO `flights`.`flight` (`flightid`, `departureairport`, `departuredate`, `departuretimezone`, `arrivalairport`, `arrivaldate`, `arrivaltimezone`, `firstclass`, `businessclass`, `economyclass`, `status`) VALUES ('27', 'Honolulu', '2020-09-03 12:00:00', 'HST', 'Monterey', '2020-09-03 20:00:00', 'PST', '5', '10', '20', 'on time');
INSERT INTO `flights`.`flight` (`flightid`, `departureairport`, `departuredate`, `departuretimezone`, `arrivalairport`, `arrivaldate`, `arrivaltimezone`, `firstclass`, `businessclass`, `economyclass`, `status`) VALUES ('28', 'Honolulu', '2020-09-03 14:00:00', 'HST', 'San Diego', '2020-09-03 22:00:00', 'PST', '0', '5', '15', 'on time');
INSERT INTO `flights`.`flight` (`flightid`, `departureairport`, `departuredate`, `departuretimezone`, `arrivalairport`, `arrivaldate`, `arrivaltimezone`, `firstclass`, `businessclass`, `economyclass`, `status`) VALUES ('29', 'San Diego', '2020-09-03 08:00:00', 'PST', 'Honolulu', '2020-09-03 11:00:00', 'HST', '20', '30', '40', 'on time');
INSERT INTO `flights`.`flight` (`flightid`, `departureairport`, `departuredate`, `departuretimezone`, `arrivalairport`, `arrivaldate`, `arrivaltimezone`, `firstclass`, `businessclass`, `economyclass`, `status`) VALUES ('30', 'San Diego', '2020-09-03 10:00:00', 'PST', 'Monterey', '2020-09-03 11:30:00', 'PST', '10', '20', '30', 'on time');
INSERT INTO `flights`.`flight` (`flightid`, `departureairport`, `departuredate`, `departuretimezone`, `arrivalairport`, `arrivaldate`, `arrivaltimezone`, `firstclass`, `businessclass`, `economyclass`, `status`) VALUES ('31', 'San Diego', '2020-09-03 12:00:00', 'PST', 'Honolulu', '2020-09-03 15:00:00', 'HST', '5', '10', '20', 'on time');
INSERT INTO `flights`.`flight` (`flightid`, `departureairport`, `departuredate`, `departuretimezone`, `arrivalairport`, `arrivaldate`, `arrivaltimezone`, `firstclass`, `businessclass`, `economyclass`, `status`) VALUES ('32', 'San Diego', '2020-09-03 14:00:00', 'PST', 'Monterey', '2020-09-03 15:30:00', 'PST', '5', '0', '15', 'on time');
INSERT INTO `flights`.`flight` (`flightid`, `departureairport`, `departuredate`, `departuretimezone`, `arrivalairport`, `arrivaldate`, `arrivaltimezone`, `firstclass`, `businessclass`, `economyclass`, `status`) VALUES ('33', 'Monterey', '2020-09-03 08:00:00', 'PST', 'San Diego', '2020-09-03 09:30:00', 'PST', '20', '30', '40', 'delayed');
INSERT INTO `flights`.`flight` (`flightid`, `departureairport`, `departuredate`, `departuretimezone`, `arrivalairport`, `arrivaldate`, `arrivaltimezone`, `firstclass`, `businessclass`, `economyclass`, `status`) VALUES ('34', 'Monterey', '2020-09-03 10:00:00', 'PST', 'Honolulu', '2020-09-03 13:00:00', 'HST', '10', '20', '30', 'delayed');
INSERT INTO `flights`.`flight` (`flightid`, `departureairport`, `departuredate`, `departuretimezone`, `arrivalairport`, `arrivaldate`, `arrivaltimezone`, `firstclass`, `businessclass`, `economyclass`, `status`) VALUES ('35', 'Monterey', '2020-09-03 12:00:00', 'PST', 'San Diego', '2020-09-03 13:00:00', 'PST', '5', '10', '15', 'on time');
INSERT INTO `flights`.`flight` (`flightid`, `departureairport`, `departuredate`, `departuretimezone`, `arrivalairport`, `arrivaldate`, `arrivaltimezone`, `firstclass`, `businessclass`, `economyclass`, `status`) VALUES ('36', 'Monterey', '2020-09-03 14:00:00', 'PST', 'Honolulu', '2020-09-03 17:00:00', 'HST', '5', '10', '0', 'on time');

#Customer Test Data
INSERT INTO `flights`.`customer` (`customerid`, `lastname`, `firstname`, `email`, `password`) VALUES ('1', 'Gates', 'Bill', 'bill@microsoft.com', 'windows');
INSERT INTO `flights`.`customer` (`customerid`, `lastname`, `firstname`, `email`, `password`) VALUES ('2', 'Musk', 'Elon', 'elon@tesla.com', 'roadster');
INSERT INTO `flights`.`customer` (`customerid`, `lastname`, `firstname`, `email`, `password`) VALUES ('3', 'Miyamoto', 'Shigeru', 'shigeru@nintendo.com', 'mario');


#Seat Classes Data

INSERT INTO `flights`.`seat classes` (`classid`, `classname`, `classprice`) VALUES ('1', 'first', '300');
INSERT INTO `flights`.`seat classes` (`classid`, `classname`, `classprice`) VALUES ('2', 'business', '200');
INSERT INTO `flights`.`seat classes` (`classid`, `classname`, `classprice`) VALUES ('3', 'economy', '100');


#Reservation  Test Data
INSERT INTO `flights`.`reservation` (`reservationid`, `customerid`, `departureflightid`, `seatclass`, `numpassengers`, `priorityboarding`, `totalprice`, `reservationorigin`, `bookingstatus`) VALUES ('1', '3', '1', 'first', '1', 'no', '300', 'kana', 'confirmed');
INSERT INTO `flights`.`reservation` (`reservationid`, `customerid`, `departureflightid`, `seatclass`, `numpassengers`, `priorityboarding`, `totalprice`, `reservationorigin`, `bookingstatus`) VALUES ('2', '2', '5', 'business', '2', 'no', '400','planner', 'cancelled');
INSERT INTO `flights`.`reservation` (`reservationid`, `customerid`, `departureflightid`, `seatclass`, `numpassengers`, `priorityboarding`, `totalprice`, `reservationorigin`, `bookingstatus`) VALUES ('3', '1', '10', 'economy', '3', 'yes', '600', 'kana', 'confirmed');
INSERT INTO `flights`.`reservation` (`reservationid`, `customerid`, `departureflightid`, `seatclass`, `numpassengers`, `priorityboarding`, `totalprice`, `reservationorigin`, `bookingstatus`) VALUES ('4', '1', '11', 'economy', '3', 'yes', '600', 'kana', 'confirmed');
INSERT INTO `flights`.`reservation` (`reservationid`, `customerid`, `departureflightid`, `seatclass`, `numpassengers`, `priorityboarding`, `totalprice`, `reservationorigin`, `bookingstatus`) VALUES ('5', '1', '11', 'economy', '3', 'yes', '600', 'planner', 'confirmed');
INSERT INTO `flights`.`reservation` (`reservationid`, `customerid`, `departureflightid`, `seatclass`, `numpassengers`, `priorityboarding`, `totalprice`, `reservationorigin`, `bookingstatus`) VALUES ('6', '1', '11', 'economy', '3', 'yes', '600', 'planner', 'confirmed');


